designator,type,upper,lower,name,id,2019,2024
AGGG,FIR,,0.0,Honiara FIR,c58a18de,0.0059633006394389,0.0033245765110668
ANAU,FIR,,0.0,Nauru FIR,48ca4652,0.0010938910643895,0.0026737457477975
AYPM,FIR,,0.0,Port Moresby FIR,ff5cbe50,0.083858289015512,0.0678790631103842
BGGL,FIR,,0.0,Nuuk FIR,7fce17f1,1.0210945952480046,0.8922081150203315
BIRD,FIR,,0.0,Reykjavik FIR,4f19af99,1.3195910585818402,1.1955329044389376
,NO_FIR,,0.0,,077b68a3,0.0057822405100042,0.0177863381545594
CZEG,FIR,,0.0,Edmonton FIR,b88a3ddf,1.3365213418302917,1.5847166476007426
CZQM,FIR,,0.0,Moncton FIR,a2b299e6,0.7359417713120336,0.6686017698564832
CZQX,FIR,,0.0,Gander FIR,bc2fbbe6,4.308185098229027,5.578731878947503
CZUL,FIR,,0.0,Montreal FIR,41a85edb,0.7954318962270647,1.0177800287770096
CZVR,FIR,,0.0,Vancouver FIR,e5118f85,0.4429125913684847,0.4927809361727221
CZWG,FIR,,0.0,Winnipeg FIR,ea302e00,0.8555296142525899,1.421567676269246
CZYZ,FIR,,0.0,Toronto FIR,910ff866,0.4065770917579936,0.4384409624335912
DAAA,FIR,,0.0,Alger FIR,bf4e2874,0.1115630828267987,0.184991603180518
DGAC,FIR,,0.0,Accra FIR,cddc0710,0.0585047620823716,0.0458519854218147
DNKK,FIR,,0.0,Kano FIR,3fe5a34a,0.0943520706335928,0.0812077627792575
DRRR,FIR,245.0,0.0,Niamey FIR,d2b66ea9,0.0845882736387083,0.0898428812677264
DRRR,UIR,,245.0,Niamey UIR,7de4eeb2,0.0845882736387083,0.0898428812677264
DTTC,FIR,245.0,0.0,Tunis FIR,1865d1a5,0.0193951944998469,0.0322350792343269
DTTC,UIR,,245.0,Tunis UIR,4f100322,0.0193951944998469,0.0322350792343269
EBBU,FIR,195.0,0.0,Brussels FIR,d556ac53,0.1894858892786119,0.2793937296430421
EBUR,UIR,,195.0,Brussels UIR,faae6f5a,0.1894858892786119,0.2793937296430421
EDGG,FIR,245.0,0.0,Langen FIR,ed1d549e,0.7145227029340018,0.9292416298750744
EDMM,FIR,245.0,0.0,Munchen FIR,6dbdd778,0.6805826238317749,0.8480646757971357
EDUU,UIR,,245.0,Rhein UIR,7ed52d5e,1.657581326058652,1.9624718962980037
EDVV,UIR,,245.0,Hannover UIR,f718c1e9,0.7614436341013859,0.7597130065896827
EDWW,FIR,245.0,0.0,Bremen FIR,f819cf60,1.0239196333942613,0.944878597215476
EETT,FIR,,0.0,Tallinn FIR,aea6c186,0.2379588487739044,0.1654842727539506
EFIN,FIR,285.0,0.0,Helsinki FIR,c9cdecfe,0.380812894036686,0.2921928619994641
EFIN,UIR,,285.0,Helsinki UIR,73651bbd,0.380812894036686,0.2921928619994641
EGGX,FIR,,0.0,Shanwick FIR,2edc58c2,3.702326866018824,5.039243829914095
EGPX,FIR,245.0,0.0,Scottish FIR,248ef826,0.8771884806188593,1.135507184624228
EGPX,UIR,,245.0,Scottish UIR,44592839,0.8771884806188593,1.135507184624228
EGTT,FIR,245.0,0.0,London FIR,f9d81bde,0.9247802844410176,1.1814658433088732
EGTT,UIR,,245.0,London UIR,d7ecd232,0.9247802844410176,1.1814658433088732
EHAA,FIR,,0.0,Amsterdam FIR,f3abf960,0.336522331838493,0.4328315631112922
EISN,FIR,245.0,0.0,Shannon FIR,20efa21f,0.5150057172076212,0.5074914713325749
EISN,UIR,,245.0,Shannon UIR,0bdd6af9,0.5150057172076212,0.5074914713325749
EKDK,FIR,,0.0,Copenhagen FIR,43e63050,0.2769689711484366,0.3526556348151619
ENOB,FIR,,0.0,Bodo Oceanic FIR,860f630e,0.1514225383596356,0.2749349276473957
ENOR,FIR,,0.0,Polaris FIR,ce1e9dfb,0.391218724368246,0.5711947975421738
EPWW,FIR,,0.0,Warszawa FIR,1e8305bc,1.7177841804763332,1.7003945348465337
ESAA,FIR,,0.0,Sweden FIR,288f1240,0.9055353043003131,0.7888136132060972
EVRR,FIR,,0.0,Riga FIR,033a731a,0.3474993574125432,0.2401105443208846
EYVL,FIR,195.0,0.0,Vilnius FIR,62162ac8,0.3253750093262856,0.2156833213843639
EYVL,UIR,,195.0,Vilnius UIR,55771e43,0.3253750093262856,0.2156833213843639
FACA,FIR,,0.0,Cape Town FIR,02749581,0.0075242527390622,0.0085914240272677
FAJA,FIR,,0.0,Johannesburg FIR,5c3630c9,0.0134517776812666,0.0093803456373564
FAJO,FIR,,0.0,Johannesburg Oceanic FIR,d8e75d1a,0.0228081129173831,0.0234306070522085
FBGR,FIR,,0.0,Gaborone FIR,fd553ed9,0.0074577421276273,0.0034304983280648
FCCC,FIR,245.0,0.0,Brazzaville FIR,3a8c8378,0.1863910543633592,0.1484706905318804
FCCC,UIR,,245.0,Brazzaville UIR,dacf92b1,0.1863910543633592,0.1484706905318804
FIMM,FIR,,0.0,Mauritius FIR,bb429b38,0.0425122084784643,0.0304010855001425
FLFI,FIR,,0.0,Lusaka FIR,8c15b0f2,0.024716335432659,0.0147648467695544
FMMM,FIR,245.0,0.0,Antananarivo FIR,ab698a83,0.015433549563563,0.0142216548818938
FMMM,UIR,,245.0,Antananarivo UIR,2dc169e4,0.015433549563563,0.0142216548818938
FNAN,FIR,145.0,0.0,Luanda FIR,26c7a02e,0.0899591370047574,0.0345602317977662
FNAN,UIR,,145.0,Luanda UIR,4107b879,0.0899591370047574,0.0345602317977662
FQBE,FIR,,0.0,Beira FIR,75a3338f,0.0188822833105165,0.0170278557414027
FSSS,FIR,,0.0,Seychelles FIR,0e42de02,0.0705561828605958,0.0806367031524642
FTTT,FIR,245.0,0.0,N'Djamena FIR,a93bb78a,0.1159607422859964,0.0669109190301622
FTTT,UIR,,245.0,N'Djamena UIR,9cf6559d,0.1159607422859964,0.0669109190301622
FVHF,FIR,245.0,0.0,Harare FIR,b236d015,0.0080217081297589,0.0103007908255074
FVHF,UIR,,245.0,Harare UIR,9aa5d35d,0.0080217081297589,0.0103007908255074
FWLL,FIR,,0.0,Lilongwe FIR,afb57393,0.0050877787488466,0.0077898738069804
FYWF,FIR,,0.0,Windhoek FIR,bfc5e56c,0.0048985934283115,0.0045529176279157
FZZA,FIR,245.0,0.0,Kinshasa FIR,6a592d90,0.1258901776808854,0.0912409939236669
FZZA,UIR,,245.0,Kinshasa UIR,66da95ff,0.1258901776808854,0.0912409939236669
GCCC,FIR,195.0,0.0,Canarias FIR,72c4a516,0.0514467055409088,0.0704725043163776
GCCC,UIR,245.0,195.0,Canarias UIR,92d4c5a5,0.002461164983991,0.0051001238625039
GCCC,UIR,,195.0,Canarias UIR,4200d421,0.0489855405569178,0.0653723804538736
GLRB,FIR,,0.0,Roberts FIR,e05f7adb,0.0159980584161654,0.0105656608458319
GMMM,FIR,195.0,0.0,Casablanca FIR,b6086859,0.1367543048441114,0.1949580163040041
GMMM,UIR,,195.0,Casablanca UIR,4d003f70,0.1367543048441114,0.1949580163040041
GOOO,FIR,245.0,0.0,Dakar FIR,b2c9712f,0.3680668362585515,0.346631280297906
GOOO,UIR,,245.0,Dakar UIR,9352f0bc,0.3705280012425426,0.35173140416041
GVSC,FIR,245.0,0.0,Sal Oceanic FIR,f5f5abed,0.0956704913139059,0.0773586188763258
GVSC,UIR,,245.0,Sal Oceanic UIR,9add65cb,0.0956704913139059,0.0773586188763258
HAAA,FIR,,0.0,Addis Abeba FIR,3733e4e9,0.0900982417257374,0.1167654943445854
HBBA,FIR,245.0,0.0,Bujumbura FIR,f488a443,0.0006783658892374,0.0003912857329819
HBBA,UIR,,245.0,Bujumbura UIR,6107784c,0.0006783658892374,0.0003912857329819
HCSM,FIR,,0.0,Mogadishu FIR/UIR,01bec047,0.1330362872693483,0.0976495572135082
HECC,FIR,,0.0,Cairo FIR,b8364ba8,0.0282562188742576,0.0561177753963421
HHAA,FIR,,0.0,Asmara FIR,ced2716b,0.0033042725474842,0.0083551490748084
HKNA,FIR,,0.0,Nairobi FIR,44b21604,0.058297737630819,0.0635919951075114
HLLL,FIR,,0.0,Tripoli FIR,7744387c,0.0258996682879479,0.027765745533174
HRYR,FIR,245.0,0.0,Kigali FIR,3fbb31ad,0.0009155127610272,0.0005984563432383
HRYR,UIR,,245.0,Kigali UIR,2b820e59,0.0009155127610272,0.0005984563432383
HSSS,FIR,285.0,0.0,Khartoum FIR,89e3ee7e,0.1243387851325548,0.0858369463932801
HSSS,UIR,,285.0,Khartoum UIR,757231b0,0.1243387851325548,0.0858369463932801
HTDC,FIR,,0.0,Dar-Es-Salaam FIR,8acdbaeb,0.0516568287989064,0.0548311717194728
HUEC,FIR,,0.0,Entebbe FIR,78bc1882,0.0107862287171542,0.0281782539708854
KZAB,FIR,180.0,0.0,Albuquerque FIR,fa9d338f,0.2283773493595514,0.1299615809772052
KZAB,UIR,,180.0,Albuquerque UIR,6c8040e7,0.2283773493595514,0.1299615809772052
KZAK,FIR,,0.0,Oakland Oceanic FIR,bfabcce3,2.8626006760108176,3.6508920637012223
KZAU,FIR,180.0,0.0,Chicago FIR,a3cbecda,0.6789727095782709,0.4687944283538667
KZAU,UIR,,180.0,Chicago UIR,d4977709,0.6883546930465732,0.4756209938485694
KZBW,FIR,180.0,0.0,Boston FIR,da6a7f50,0.7560996333920847,0.6116710763634338
KZBW,UIR,,180.0,Boston UIR,2bdf3a20,0.7752693199492093,0.624996312050997
KZDC,FIR,180.0,0.0,Washington FIR,5b011d2b,0.6011645024504482,0.3895077152862244
KZDC,UIR,,180.0,Washington UIR,f81cdddc,0.6151806051668304,0.3975386573110804
KZDV,FIR,180.0,0.0,Denver FIR,2ca17661,0.8347689898201597,0.631836024060153
KZDV,UIR,,180.0,Denver UIR,905deea4,0.8347689898201597,0.631836024060153
KZFW,FIR,180.0,0.0,Fort Worth FIR,795267e8,0.198222218029675,0.1054097677345965
KZFW,UIR,,180.0,Fort Worth UIR,56ee9782,0.198222218029675,0.1054097677345965
KZHU,FIR,,0.0,Houston FIR,21d75585,0.2312333138148628,0.1305847725315275
KZID,FIR,180.0,0.0,Indianapolis FIR,ceee683d,0.4777335355271453,0.3769990356264729
KZID,UIR,,180.0,Indianapolis UIR,738a7710,0.4731064403583153,0.373526960129484
KZJX,FIR,180.0,0.0,Jacksonville FIR,eb50e3ef,0.4183348733246026,0.2299562998438734
KZJX,UIR,,180.0,Jacksonville UIR,ceae4d7f,0.4027802212698043,0.2211576853845411
KZKC,FIR,180.0,0.0,Kansas City FIR,1b9fb754,0.6485351649129777,0.4120041842783281
KZKC,UIR,,180.0,Kansas City UIR,9e05ab6b,0.6485351649129777,0.4120041842783281
KZLA,FIR,180.0,0.0,Los Angeles FIR,5f4a3a77,0.1369441318870379,0.117839778128344
KZLA,UIR,,180.0,Los Angeles UIR,a8cc65c1,0.1369441318870379,0.117839778128344
KZLC,FIR,180.0,0.0,Salt Lake City FIR,5d92290d,1.2967789206956652,1.1347205335979016
KZLC,UIR,,180.0,Salt Lake City UIR,91dd73df,1.2967789206956652,1.1347205335979016
KZMA,FIR,,0.0,Miami FIR/UIR,43a85bba,0.2107184799082277,0.2909579359011271
KZME,FIR,180.0,0.0,Memphis FIR,e4730d04,0.3637895369931108,0.2906139367754921
KZME,UIR,,180.0,Memphis UIR,6f30187b,0.3444679162772336,0.2756229608110455
KZMP,FIR,180.0,0.0,Minneapolis FIR,ec27ce6a,1.4703000220771505,1.1163021957940231
KZMP,UIR,,180.0,Minneapolis UIR,8d5c4401,1.4724339580865664,1.1180872340016683
KZNY,FIR,180.0,0.0,New York FIR,455ff1a4,0.7072544919713698,0.4265519286918194
KZNY,UIR,,180.0,New York UIR,8fd2dd56,0.6740687026978629,0.4051957509794001
KZOA,FIR,,0.0,Oakland FIR,255a57cd,0.1401108635318156,0.1661418135360524
KZOB,FIR,180.0,0.0,Cleveland FIR,786b3aad,0.5189093964467963,0.391848948165187
KZOB,UIR,,180.0,Cleveland UIR,02187834,0.5120205721379084,0.3867094199598279
KZSE,FIR,180.0,0.0,Seattle FIR,4151c861,0.4429852391735951,0.4200781327406702
KZSE,UIR,,180.0,Seattle UIR,a7bea596,0.4429852391735951,0.4200781327406702
KZTL,FIR,180.0,0.0,Atlanta FIR,5732c8ab,0.3048542117820255,0.2088540512040836
KZTL,UIR,,180.0,Atlanta UIR,005923b1,0.339730484552701,0.2326436416278625
KZWY,FIR,,0.0,New York Oceanic FIR,a3c17a55,3.284031024011328,2.465488114144115
LAAA,FIR,,0.0,Tirana FIR,c51f064b,0.0306735776440377,0.0568854835259913
LBSR,FIR,,0.0,Sofia FIR,124e83c8,0.3425742359993158,0.4670537624396755
LCCC,FIR,,0.0,Nicosia FIR,b34b8479,0.021856390647934,0.0289700128590349
LDZO,FIR,,0.0,Zagreb FIR,624b6cd0,0.2588660308930428,0.3588678423532137
LECB,FIR,195.0,0.0,Barcelona FIR,564a8317,0.2091047587133172,0.2998353330374712
LECB,UIR,,195.0,Barcelona UIR,41d20d2f,0.2091047587133172,0.2998353330374712
LECM,FIR,195.0,0.0,Madrid FIR,4dedc156,0.7902488358288499,0.8511650302531607
LECM,UIR,,195.0,Madrid UIR,eb9786d3,0.7902488358288499,0.8511650302531607
LFBB,FIR,195.0,0.0,Bordeaux FIR,58f8f467,0.5926058900287197,0.8438667539341128
LFEE,FIR,195.0,0.0,Reims FIR,24742f54,0.2526320345925273,0.3624598707809414
LFFF,FIR,195.0,0.0,Paris FIR,6a3c4199,0.7234241609935343,1.0708182752894624
LFFF,UIR,,195.0,France UIR,f5f1158c,2.5942591434029554,3.7684358891810943
LFMM,FIR,195.0,0.0,Marseille FIR,c7dfeca5,0.4774670167102548,0.7665379885410244
LFRR,FIR,195.0,0.0,Brest FIR,3ea3cf55,0.5481300410779187,0.7247530006355534
LGGG,FIR,245.0,0.0,Athinai FIR,99e15f6c,0.1994388036656938,0.249328680502584
LGGG,UIR,,245.0,Athinai UIR,f81bcac9,0.1994388036656938,0.249328680502584
LHCC,FIR,,0.0,Budapest FIR,2f6fff43,0.472895416778762,0.6273337180474013
LIBB,FIR,195.0,0.0,Brindisi FIR,17e59633,0.0921092556862119,0.1047869038852286
LIBB,UIR,,195.0,Brindisi UIR,9073f3b2,0.0921092556862119,0.1047869038852286
LIMM,FIR,195.0,0.0,Milano FIR,24970af0,0.4688767665941087,0.6288490806209602
LIMM,UIR,,195.0,Milano UIR,507bbd98,0.4688767665941087,0.6288490806209602
LIRR,FIR,195.0,0.0,Roma FIR,9a200f82,0.2099402751616457,0.2717040015398723
LIRR,UIR,,195.0,Roma UIR,4dfd5e4a,0.2099402751616457,0.2717040015398723
LJLA,FIR,,0.0,Ljubljana FIR,8b941b94,0.0632216768195483,0.1050465383901359
LKAA,FIR,,0.0,Praha FIR,f4afde5e,0.5466458560885485,0.6948067062516919
LLLL,FIR,,0.0,Tel-Aviv FIR,566d8b64,0.0018438362659962,0.0046757222274823
LMMM,FIR,195.0,0.0,Malta FIR,dacf7272,0.0068770196579437,0.0115455311791105
LMMM,UIR,,195.0,Malta UIR,084fd88a,0.0068770196579437,0.0115455311791105
LOVV,FIR,,0.0,Wien FIR,54092880,0.4467902280984717,0.5711143483808181
LPPC,FIR,,0.0,Lisboa FIR,77dadb14,0.3438645913475185,0.3633547954678013
LPPO,FIR,,0.0,Santa Maria FIR,c63e8278,1.5183763607458336,1.2790350295272697
LQSB,FIR,245.0,0.0,Sarajevo FIR,a3e0b549,0.1061868760317436,0.184575470718032
LQSB,UIR,,245.0,Sarajevo UIR,0cf5c48e,0.1061868760317436,0.184575470718032
LRBB,FIR,,0.0,Bucarest FIR,e087bd0e,1.082158162286745,1.2623733266539243
LSAS,FIR,195.0,0.0,Switzerland FIR,1871ccd3,0.1623903978305912,0.2214569149156802
LSAS,UIR,,195.0,Switzerland UIR,3b83f59d,0.1623903978305912,0.2214569149156802
LTAA,FIR,,0.0,Ankara FIR,755f0bac,0.6817459135124784,0.9471133982987372
LTBB,FIR,,0.0,Istanbul FIR,c1dfef1d,0.2105381313053732,0.2126887702141946
LUUU,FIR,,0.0,Chisinau FIR,2e25733a,0.0993181622711665,0.1198004599548305
LWSS,FIR,,0.0,Skopje FIR,dbc7aba6,0.0330775478586569,0.0453764974389247
LYBA,FIR,285.0,0.0,Beograd FIR,1fd76bf4,0.2415568768500612,0.3977892442639244
LYBA,UIR,,285.0,Beograd UIR,d080ae1b,0.2415568768500612,0.3977892442639244
LZBB,FIR,,0.0,Bratislava  FIR,561f350d,0.2662308161071515,0.3022531737330526
MDCS,FIR,195.0,0.0,Santo Domingo FIR,559661c8,0.0106791898722565,0.0194595506999031
MDCS,UIR,,195.0,Santo Domingo UIR,dffd15d3,0.0106791898722565,0.0194595506999031
MHCC,FIR,195.0,0.0,Central America FIR,cc6265af,0.1128172349880262,0.1103867912043572
MHCC,UIR,,195.0,Central America UIR,3b424bf9,0.1128172349880262,0.1103867912043572
MKJK,FIR,245.0,0.0,Kingston FIR,6bd8a254,0.0387499432905542,0.0839047553784215
MKJK,UIR,,245.0,Kingston UIR,05143685,0.0387499432905542,0.0839047553784215
MMFO,FIR,,0.0,Oceanica Mazatlan FIR,d1282860,0.0043172438257404,0.0021983143075886
MMFR,FIR,,0.0,Mexico FIR,299da7f2,0.2585741064703851,0.275135532831035
MPZL,FIR,,0.0,Panama FIR,47450c2d,0.0834243581316724,0.1703408385393907
MTEG,FIR,,0.0,Port-Au-Prince FIR,16f3fbf2,0.0040187021452317,0.00829923137192
MUFH,FIR,,0.0,Habana FIR/UIR,d7ba7b21,0.0505503895384714,0.0814723498629482
NFFF,FIR,,0.0,Nadi FIR,7f91d66b,0.1118434154963178,0.0794447878680916
NTTT,FIR,,0.0,Tahiti Oceanic FIR,523cc3d8,0.0221791768255199,0.026595193009854
NZZC,FIR,,0.0,New Zealand FIR,211847aa,0.0374752149251054,0.0282227383209982
NZZO,FIR,,0.0,Auckland Oceanic FIR,2b29eb46,0.1892150865051199,0.1448225585786341
OAKX,FIR,,0.0,Kabul FIR,974f2242,0.0484197114506221,0.0306874245236811
OBBB,FIR,150.0,0.0,Bahrain FIR,9423fd01,0.0059326428482107,0.0119791793552264
OBBB,UIR,,150.0,Bahrain UIR,7579550e,0.0059326428482107,0.0119791793552264
OEJD,FIR,,0.0,Jeddah FIR,229c6e28,0.1171719381549598,0.1814722118831518
OIIX,FIR,,0.0,Tehran FIR,9251ffb1,0.2121272578422429,0.2338375898031684
OJAC,FIR,,0.0,Amman FIR,5830f436,0.0024957603677599,0.0102466739536589
OKAC,FIR,,0.0,Kuwait FIR,d23ed3eb,0.001878990164401,0.0046977208762175
OLBB,FIR,195.0,0.0,Beirut FIR,0286844f,0.0013579499986315,0.0017177496409462
OLBB,UIR,,195.0,Beirut UIR,487917d8,0.0013579499986315,0.0017177496409462
OMAE,FIR,145.0,0.0,Emirates FIR,b62e389e,0.0113052712972658,0.0148229030488072
OMAE,UIR,,145.0,Emirates UIR,5fec98eb,0.0113052712972658,0.0148229030488072
OOMM,FIR,,0.0,Muscat FIR,d3da362f,0.0683659632515998,0.1209538609659176
OPKR,FIR,,0.0,Karachi FIR,265895bd,0.0421917214343219,0.0617264966449024
OPLR,FIR,,0.0,Lahore FIR,67b1ec6f,0.0357589987630724,0.0177065952264107
ORBB,FIR,,0.0,Baghdad FIR,8ead42e1,0.0314136687815489,0.0380559776171968
OSTT,FIR,,0.0,Damascus FIR,bab1838f,0.0087727650825628,0.0191562175953951
OYSC,FIR,,0.0,Sanaa FIR,849e8da7,0.0606093495437997,0.0442390147966855
PAZA,FIR,,0.0,Alaska FIR,c0568f8f,1.6451838062012571,2.197199342134293
RCAA,FIR,,0.0,Taipei FIR,176aac98,0.0955627008545744,0.1252000511651388
RJJJ,FIR,,0.0,Fukuoka FIR,4dc25816,1.1760548273442777,1.9213870546811505
RKRR,FIR,,0.0,Incheon FIR,254db348,0.066340863196466,0.071704585721606
RPHI,FIR,,0.0,Manila FIR,ddc72f1d,0.489486682881908,0.4675420128302964
SACF,FIR,,0.0,Cordoba FIR,5ba05006,0.0167887651366071,0.0158401250559516
SAEF,FIR,,0.0,Ezeiza FIR,52eba7b3,0.037827442448828,0.0476692688919493
SAMF,FIR,,0.0,Mendoza FIR,e8d0d255,0.0055167501207351,0.0031075090149051
SARR,FIR,,0.0,Resistencia FIR,36d60cb2,0.0145876588061075,0.0127515841029751
SAVF,FIR,,0.0,Comodoro Rivadavia FIR,f118068e,0.0259536880037892,0.0247630534976192
SBAO,FIR,,0.0,Atlantico FIR,085661bb,0.1818029299565315,0.1992220891661521
SBAZ,FIR,,0.0,Amazonica FIR,9f1bdf68,0.3386110383235481,0.351860559789979
SBBS,FIR,,0.0,Brasilia FIR,20c3b3a8,0.1375378660438554,0.2005118494397355
SBCW,FIR,,0.0,Curitiba FIR,0280d3e5,0.1401286119624904,0.1266842901350715
SBRE,FIR,,0.0,Recife FIR,f39ec67d,0.2290049067204017,0.289882475902365
SCCZ,FIR,,0.0,Punta Arenas FIR,c05978f4,0.0183377025893664,0.0138602657258866
SCEZ,FIR,,0.0,Santiago FIR,ccfb5a19,0.0094116212111097,0.0048375762942613
SCFZ,FIR,,0.0,Antofagasta FIR,a49e230e,0.0340219436998726,0.0409243948177924
SCIZ,FIR,,0.0,Isla De Pascua FIR,aa07b8d5,0.0419756248585759,0.0502154398663967
SCTZ,FIR,,0.0,Puerto Montt FIR,fd758a8a,0.0089036329975164,0.0076490226250727
SEFG,FIR,,0.0,Guayaquil FIR/UIR,a1951387,0.0382234784788706,0.0479379691167595
SGFA,FIR,,0.0,Asuncion FIR/UIR,cb4b6cb9,0.0091426990126806,0.0070646310214396
SKEC,FIR,,0.0,Barranquilla FIR,0b840069,0.0971017547793931,0.1362755274106491
SKED,FIR,,0.0,Bogota FIR,48b537be,0.1389662229083266,0.2473264559218188
SLLF,FIR,,0.0,La Paz FIR,4c3a0284,0.0480970258645769,0.0443463549533595
SMPM,FIR,,0.0,Paramaribo FIR,9dc84571,0.0151736632350258,0.011512874256467
SOOO,FIR,245.0,0.0,Cayenne FIR,73be025a,0.0146138210372755,0.024121399153512
SOOO,UIR,,245.0,Cayenne UIR,9ee24a88,0.0146138210372755,0.024121399153512
SPIM,FIR,,0.0,Lima FIR,cfd088dd,0.1676434046735844,0.1932034846147833
SUEO,FIR,,0.0,Montevideo FIR,5a1f79c0,0.0286862888984399,0.0252386454415578
SVZM,FIR,,0.0,Maiquetia FIR,631c92e4,0.0983361735452802,0.1740050677810766
SYGC,FIR,,0.0,Georgetown FIR,09742ed7,0.0225850959292517,0.0265366764729866
TJZS,FIR,,0.0,San Juan Oceanic FIR/UIR,af661933,0.0795398204871415,0.0966355917702132
TNCF,FIR,195.0,0.0,Curacao FIR,fdd0a1c2,0.0471591172598827,0.0406737192415758
TNCF,UIR,,195.0,Curacao UIR,1281d0ca,0.0471591172598827,0.0406737192415758
TTZP,FIR,245.0,0.0,Piarco FIR,6ab4fde6,0.1121385707217575,0.1541459689772015
TTZP,UIR,,245.0,Piarco UIR,282c8470,0.1121385707217575,0.1541459689772015
UAAA,FIR,,0.0,Almaty FIR,2a43e11c,0.4549080585595182,0.7444913234969945
UACN,FIR,,0.0,Nur-Sultan FIR,74ad1efb,1.223838211142323,0.9180896323456366
UAII,FIR,,0.0,Shymkent FIR,b648783f,0.2389695911738504,0.4273876320558726
UATT,FIR,,0.0,Aktobe FIR,4c7ed6e4,1.099753344787031,1.1323853395264911
UBBA,FIR,,0.0,Baku FIR,663141f2,0.0942813642229184,0.2107965654988509
UCFM,FIR,,0.0,Bishkek FIR,7ef434d9,0.0276627326659393,0.0705951743485456
UCFO,FIR,,0.0,Osh FIR,33f2e42b,0.0229591802066899,0.0580137073698244
UDDD,FIR,,0.0,Yerevan FIR,84dcbaab,0.0213808344110788,0.0309689787847832
UEEE,FIR,,0.0,Yakutsk FIR,bf601f82,0.7464247115825434,0.2141479340026776
UGGG,FIR,195.0,0.0,Tibilisi FIR,58afadb7,0.1470835684611808,0.2693887637392359
UGGG,UIR,,195.0,Tibilisi UIR,e4c5bccd,0.1470835684611808,0.2693887637392359
UHHH,FIR,,0.0,Khabarovsk FIR,7008c520,0.4175051792908801,0.091249441838161
UHMM,FIR,,0.0,Magadan FIR,2f985d35,0.7371464093765453,0.325403235978733
UHPP,FIR,,0.0,Petropavlovsk-Kamchatsky FIR,19f01f39,0.3414924457612279,0.5799039625636713
UIII,FIR,,0.0,Irkutsk FIR,d7979d28,0.7753874110559046,0.3556214038098038
UKBV,FIR,275.0,0.0,Kiev FIR,2411b069,0.3315617027057778,0.298096531145269
UKBV,UIR,,275.0,Kiev UIR,1d361b1b,1.4971945482619595,1.4762522508912412
UKDV,FIR,275.0,0.0,Dnipro FIR,35a65213,0.1984229973109144,0.1114862111088513
UKFV,FIR,275.0,0.0,Simferopol FIR,6cfc460a,0.3595564419459062,0.4339932296818493
UKLV,FIR,275.0,0.0,Lvov FIR,3e1d55fd,0.4325515807648877,0.4496266733788508
UKOV,FIR,275.0,0.0,Odessa FIR,653b334a,0.1751018255344736,0.1830496055764208
ULAA,FIR,,0.0,Arkhangelsk FIR,663361f4,0.4472492378524019,0.3032607901964258
ULKK,FIR,,0.0,Kotlas FIR,0cad72ac,0.1983178828625491,0.1426847756645821
ULLL,FIR,,0.0,Sankt-Peterburg FIR,30a5e659,0.9622405611380116,0.5116127605770779
ULMM,FIR,,0.0,Murmansk FIR,1b477fce,0.2007897541259519,0.2584554634802114
ULWW,FIR,,0.0,Vologda FIR,4bfdb25f,0.7063235985818352,0.3839498608646143
UMKK,FIR,,0.0,Kaliningrad FIR,5d412736,0.127420603465311,0.0978094551405625
UMMV,FIR,,0.0,Minsk FIR,ef1aa3ac,0.8796053953645881,0.4764448728250025
UNKL,FIR,,0.0,Krasnoyarsk FIR,682b075c,2.193213407781851,1.3116080140476192
UNNT,FIR,,0.0,Novosibirsk FIR,a2c14458,2.324719604847586,1.5513826287582098
URRV,FIR,,0.0,Rostov-Na-Donu FIR,1c6f3b9b,1.4244728096870345,1.0347262372462782
USSV,FIR,,0.0,Yekaterinburg FIR,6144d537,2.569914122049223,1.5799343772406174
USTV,FIR,,0.0,Tyumen FIR,29b1969c,2.297543515332325,1.779263202119344
UTAA,FIR,,0.0,Ashgabat FIR,1a45ff3d,0.025473444530246,0.0354566954082527
UTAK,FIR,,0.0,Turkmenbashi FIR,70400f31,0.0391462334827712,0.1178118772911922
UTAT,FIR,,0.0,Dashoguz FIR,82e5b8c8,0.0205485672367708,0.063597738233088
UTAV,FIR,,0.0,Turkmenabat FIR,b1dcd629,0.0238479152866878,0.0303270147300585
UTDD,FIR,,0.0,Dushanbe FIR,adc1fcce,0.0220577821450623,0.0433388742640616
UTSD,FIR,,0.0,Samarkand FIR,9601720c,0.0265759491973218,0.0498970919150222
UTTR,FIR,,0.0,Tashkent FIR,f860df25,0.1063373423615364,0.2649779359347182
UUWV,FIR,,0.0,Moscow FIR,634b906a,3.302104186594554,1.1314904003579282
UUYY,FIR,,0.0,Syktyvkar FIR,8c4dda53,0.977500578684086,0.6812049711405892
UWWW,FIR,,0.0,Samara FIR,ac101a8e,2.2563523935954657,1.2281683245407384
VABF,FIR,,0.0,Mumbai FIR,16bcb5ea,0.4151133848468105,0.6195142607500376
VCCF,FIR,,0.0,Colombo FIR,bfd9241e,0.3761308092309217,0.416666409836174
VDPF,FIR,,0.0,Phnom Penh FIR,e4b81a71,0.047085110984822,0.0723620129118922
VECF,FIR,,0.0,Kolkata FIR,54c08e47,0.1722420442413449,0.3329548139547866
VGFR,FIR,,0.0,Dhaka FIR,4c4f9087,0.013954697254878,0.0498841261209134
VHHK,FIR,,0.0,Hong Kong FIR,d35974dd,0.0785992890032433,0.0973559461385489
VIDF,FIR,,0.0,Delhi FIR,1e1bb7b2,0.0525780609072941,0.0394495025395708
VLVT,FIR,,0.0,Vientiane FIR,e3349bfa,0.0601696301882531,0.0819620843974468
VNSM,FIR,,0.0,Kathmandu FIR,be871f7d,0.0042187485775549,0.0010469796932277
VOMF,FIR,,0.0,Chennai FIR,2f071a2a,0.7369407063902123,0.988638041521429
VRMF,FIR,,0.0,Male FIR,df147211,0.0402642980567116,0.0544729958773634
VTBB,FIR,,0.0,Bangkok FIR,b68e06b1,0.3200726227873577,0.5037167909189757
VVTS,FIR,,0.0,Ho Chi Minh FIR,bb2062dc,0.5223222449608794,0.6647961578347219
VVVV,FIR,,0.0,Hanoi FIR,644d3169,0.0218314591666497,0.0281174547077995
VYYF,FIR,,0.0,Yangon FIR,7deb2fed,0.1616998671687469,0.2645880062708589
WAAF,FIR,,0.0,U-Jung Pandang FIR,4594853a,0.638154478346448,0.6459126557370481
WBFC,FIR,,0.0,Kota Kinabalu FIR,a6f40505,0.1129669947909183,0.1723605755159589
WIIF,FIR,,0.0,Jakarta FIR,808ca7a3,0.9945093267886204,1.0652016907056143
WMFC,FIR,,0.0,Kuala Lumpur FIR,cf7e97e8,0.3305501923941136,0.4719497953321814
WSJC,FIR,,0.0,Singapore FIR,bf71c7e1,0.4981944537882725,0.6348206110972527
,NO_FIR,,0.0,,9e6d97bb,0.0029463320708072,0.0013993316284331
YBBB,FIR,,0.0,Brisbane FIR,f299aa84,0.2339400982489452,0.3461409059656937
YMMM,FIR,,0.0,Melbourne FIR,ef6ef37a,0.3887003877481566,0.3383202064852671
ZBPE,FIR,,0.0,Beijing FIR,1f1e5446,0.1807775342224368,0.2548616086592694
ZGZU,FIR,,0.0,Guangzhou FIR,6e75053d,0.0555224312228533,0.0757617476703507
ZHWH,FIR,,0.0,Wuhan FIR,9b2f1ced,0.0586869441164936,0.0454060950458222
ZJSA,FIR,,0.0,Sanya FIR,9080f3cd,0.0997115556792608,0.1374722482677911
ZKKP,FIR,,0.0,Pyongyang FIR,c9c55dc8,0.0511588227324024,0.0565515439000635
ZLHW,FIR,,0.0,Lanzhou FIR,5c1d69f9,0.1840065181865499,0.4743497652488195
ZMUB,FIR,,0.0,Ulaanbaatar FIR,eb1b6feb,0.4637734006163041,0.4740579209697079
ZPKM,FIR,,0.0,Kunming FIR,ab753d0e,0.0397388140395187,0.0560970851248411
ZSHA,FIR,,0.0,Shanghai FIR,d1652082,0.217567281861807,0.1994008806978813
ZWUQ,FIR,,0.0,Urumqi FIR,ed640a57,0.3603637518884755,0.7770627619332319
ZYSH,FIR,,0.0,Shenyang FIR,f3660654,0.242754506554207,0.2404267208514527
